run_id,scenario_id,scenario_name,severity,threat_type,engine,total_ms,status,confidence,timestamp
"run-20260221-203010-6839",A1,"SQL Injection (Classic)",5,"Unknown",none,11,processed,0,2026-02-21T20:30:10.723723+00:00
"run-20260221-203010-6839",A2,"SQL Injection (Time-based)",5,"Unknown",none,8,processed,0,2026-02-21T20:30:12.732710+00:00
"run-20260221-203010-6839",A3,"SQL Injection (Union)",5,"Unknown",none,10,processed,0,2026-02-21T20:30:14.743083+00:00
"run-20260221-203010-6839",A4,"Command Injection",5,"Unknown",none,7,processed,0,2026-02-21T20:30:16.750132+00:00
"run-20260221-203010-6839",A5,"SSTI (Jinja2)",5,"Unknown",none,17,processed,0,2026-02-21T20:30:18.767404+00:00
"run-20260221-203010-6839",A6,"XXE Injection",5,"Unknown",none,12,processed,0,2026-02-21T20:30:20.780550+00:00
"run-20260221-203010-6839",A7,"API Parameter Tampering",5,"Unknown",none,7,processed,0,2026-02-21T20:30:22.787568+00:00
"run-20260221-203010-6839",A8,"FHIR Resource Manipulation",5,"Unknown",none,10,processed,0,2026-02-21T20:30:24.798607+00:00
"run-20260221-203010-6839",A9,"Modbus Function Code Abuse",5,"Unknown",none,8,processed,0,2026-02-21T20:30:26.807045+00:00
"run-20260221-203010-6839",A10,"DALI Broadcast Shutdown",5,"Unknown",none,14,processed,0,2026-02-21T20:30:28.821216+00:00
"run-20260221-203010-6839",A11,"ONVIF PTZ Hijacking",5,"Unknown",none,10,processed,0,2026-02-21T20:30:30.831439+00:00
"run-20260221-203010-6839",A12,"MQTT Topic Traversal",5,"Unknown",none,14,processed,0,2026-02-21T20:30:32.845972+00:00
"run-20260221-203010-6839",C1,"Reverse Shell Spawn",5,"Unknown",none,14,processed,0,2026-02-21T20:30:34.860821+00:00
"run-20260221-203010-6839",C2,"Cryptominer Deployment",5,"Unknown",none,7,processed,0,2026-02-21T20:30:36.868585+00:00
"run-20260221-203010-6839",C3,"Sensitive File Read (/etc/shadow)",5,"Unknown",none,15,processed,0,2026-02-21T20:30:38.884180+00:00
"run-20260221-203010-6839",C4,"Container Escape (Privileged)",5,"Unknown",none,13,processed,0,2026-02-21T20:30:40.898043+00:00
"run-20260221-203010-6839",C5,"K8s API Access",5,"Unknown",none,6,processed,0,2026-02-21T20:30:42.904808+00:00
"run-20260221-203010-6839",C6,"Binary Download & Execute",5,"Unknown",none,11,processed,0,2026-02-21T20:30:44.916097+00:00
"run-20260221-203010-6839",C7,"Dynamic Code Execution",5,"Unknown",none,6,processed,0,2026-02-21T20:30:46.922339+00:00
"run-20260221-203010-6839",C8,"Environment Variable Stealing",5,"Unknown",none,15,processed,0,2026-02-21T20:30:48.937911+00:00
"run-20260221-203010-6839",D1,"Patient Record Exfiltration",5,"Unknown",none,15,processed,0,2026-02-21T20:30:50.953666+00:00
"run-20260221-203010-6839",D2,"License Plate Harvesting",5,"Unknown",none,16,processed,0,2026-02-21T20:30:52.971046+00:00
"run-20260221-203010-6839",D3,"Environmental Data Tampering",5,"Unknown",none,17,processed,0,2026-02-21T20:30:54.988358+00:00
"run-20260221-203010-6839",D4,"Ransomware Simulation",5,"Unknown",none,6,processed,0,2026-02-21T20:30:56.994742+00:00
"run-20260221-203010-6839",D5,"Kubernetes Secret Theft",5,"Unknown",none,12,processed,0,2026-02-21T20:30:59.007129+00:00
"run-20260221-203010-6839",D6,"MQTT Message Replay",5,"Unknown",none,6,processed,0,2026-02-21T20:31:01.013715+00:00
"run-20260221-203010-6839",D7,"Log Tampering",5,"Unknown",none,11,processed,0,2026-02-21T20:31:03.025852+00:00
"run-20260221-203010-6839",D8,"FHIR Bundle Injection",5,"Unknown",none,9,processed,0,2026-02-21T20:31:05.035398+00:00
"run-20260221-203010-6839",I1,"MQTT Unauthorized Publish",5,"Unknown",none,9,processed,0,2026-02-21T20:31:07.044803+00:00
"run-20260221-203010-6839",I2,"MQTT Retained Message Poisoning",5,"Unknown",none,9,processed,0,2026-02-21T20:31:09.054281+00:00
"run-20260221-203010-6839",I3,"MQTT Client ID Spoofing",5,"Unknown",none,14,processed,0,2026-02-21T20:31:11.068992+00:00
"run-20260221-203010-6839",I4,"CoAP Observe Flood",5,"Unknown",none,12,processed,0,2026-02-21T20:31:13.081625+00:00
"run-20260221-203010-6839",I5,"Modbus Coil Write Attack",5,"Unknown",none,11,processed,0,2026-02-21T20:31:15.093844+00:00
"run-20260221-203010-6839",I6,"Modbus Function Code Scan",5,"Unknown",none,7,processed,0,2026-02-21T20:31:17.101571+00:00
"run-20260221-203010-6839",I7,"OPC UA Session Hijacking",5,"Unknown",none,11,processed,0,2026-02-21T20:31:19.113379+00:00
"run-20260221-203010-6839",I8,"DALI-2 Dimming Attack",5,"Unknown",none,9,processed,0,2026-02-21T20:31:21.122099+00:00
"run-20260221-203010-6839",I9,"ONVIF Stream Hijacking",5,"Unknown",none,6,processed,0,2026-02-21T20:31:23.128290+00:00
"run-20260221-203010-6839",I10,"FHIR Resource Deletion",5,"Unknown",none,6,processed,0,2026-02-21T20:31:25.134767+00:00
"run-20260221-203010-6839",L1,"Internal Network Scan",5,"Unknown",none,6,processed,0,2026-02-21T20:31:27.141180+00:00
"run-20260221-203010-6839",L2,"Service Discovery (DNS)",5,"Unknown",none,8,processed,0,2026-02-21T20:31:29.150014+00:00
"run-20260221-203010-6839",L3,"Pod-to-Pod Credential Relay",5,"Unknown",none,5,processed,0,2026-02-21T20:31:31.156055+00:00
"run-20260221-203010-6839",L4,"CronJob Persistence",5,"Unknown",none,8,processed,0,2026-02-21T20:31:33.164991+00:00
"run-20260221-203010-6839",L5,"Web Shell Upload",5,"Unknown",none,6,processed,0,2026-02-21T20:31:35.171337+00:00
"run-20260221-203010-6839",L6,"DNS Hijacking for C2",5,"Unknown",none,7,processed,0,2026-02-21T20:31:37.178443+00:00
"run-20260221-203010-6839",N1,"TCP SYN Flood",5,"Unknown",none,9,processed,0,2026-02-21T20:31:39.187602+00:00
"run-20260221-203010-6839",N2,"UDP Amplification (NTP)",5,"Unknown",none,6,processed,0,2026-02-21T20:31:41.193655+00:00
"run-20260221-203010-6839",N3,"DNS Amplification",5,"Unknown",none,5,processed,0,2026-02-21T20:31:43.199540+00:00
"run-20260221-203010-6839",N4,"SSDP Reflection",5,"Unknown",none,6,processed,0,2026-02-21T20:31:45.205739+00:00
"run-20260221-203010-6839",N5,"Slowloris HTTP",5,"Unknown",none,6,processed,0,2026-02-21T20:31:47.212213+00:00
"run-20260221-203010-6839",N6,"Slow POST",5,"Unknown",none,6,processed,0,2026-02-21T20:31:49.218795+00:00
"run-20260221-203010-6839",N7,"Connection Exhaustion",5,"Unknown",none,6,processed,0,2026-02-21T20:31:51.225120+00:00
"run-20260221-203010-6839",N8,"ICMP Flood",5,"Unknown",none,6,processed,0,2026-02-21T20:31:53.231783+00:00
"run-20260221-203010-6839",N9,"IP Fragmentation Attack",5,"Unknown",none,5,processed,0,2026-02-21T20:31:55.237975+00:00
"run-20260221-203010-6839",N10,"TCP RST Injection",5,"Unknown",none,10,processed,0,2026-02-21T20:31:57.249013+00:00
"run-20260221-203010-6839",N11,"ARP Spoofing (Simulated)",5,"Unknown",none,10,processed,0,2026-02-21T20:31:59.259324+00:00
"run-20260221-203010-6839",N12,"VLAN Hopping",5,"Unknown",none,13,processed,0,2026-02-21T20:32:01.272578+00:00
"run-20260221-203010-6839",N13,"MQTT Subscribe Flood",5,"Unknown",none,13,processed,0,2026-02-21T20:32:03.286181+00:00
"run-20260221-203010-6839",N14,"CoAP Amplification",5,"Unknown",none,12,processed,0,2026-02-21T20:32:05.298098+00:00
"run-20260221-203010-6839",N15,"OPC UA Discovery Flood",5,"Unknown",none,11,processed,0,2026-02-21T20:32:07.309948+00:00
"run-20260221-203010-6839",S1,"Brute Force Login",5,"Unknown",none,12,processed,0,2026-02-21T20:32:09.322714+00:00
"run-20260221-203010-6839",S2,"Credential Stuffing",5,"Unknown",none,14,processed,0,2026-02-21T20:32:11.337545+00:00
"run-20260221-203010-6839",S3,"JWT None Algorithm",5,"Unknown",none,13,processed,0,2026-02-21T20:32:13.351532+00:00
"run-20260221-203010-6839",S4,"Default Credentials",5,"Unknown",none,17,processed,0,2026-02-21T20:32:15.368431+00:00
"run-20260221-203010-6839",S5,"Password Spraying",5,"Unknown",none,12,processed,0,2026-02-21T20:32:17.380827+00:00
"run-20260221-203010-6839",S6,"Privilege Escalation (Vertical)",5,"Unknown",none,14,processed,0,2026-02-21T20:32:19.395864+00:00
"run-20260221-203010-6839",S7,"OAuth Token Theft",5,"Unknown",none,16,processed,0,2026-02-21T20:32:21.412490+00:00
"run-20260221-203010-6839",S8,"Session Hijacking",5,"Unknown",none,14,processed,0,2026-02-21T20:32:23.426986+00:00
"run-20260221-203010-6839",A1,"SQL Injection (Classic)",5,"Unknown",none,10,processed,0,2026-02-21T20:32:25.437073+00:00
"run-20260221-203010-6839",C1,"Reverse Shell Spawn",5,"Unknown",none,10,processed,0,2026-02-21T20:32:27.447527+00:00
"run-20260221-203010-6839",C3,"Sensitive File Read (/etc/shadow)",5,"Unknown",none,13,processed,0,2026-02-21T20:32:29.461103+00:00
"run-20260221-203010-6839",L3,"Pod-to-Pod Credential Relay",5,"Unknown",none,14,processed,0,2026-02-21T20:32:31.475931+00:00
"run-20260221-203010-6839",D1,"Patient Record Exfiltration",5,"Unknown",none,14,processed,0,2026-02-21T20:32:33.490951+00:00
"run-20260221-203010-6839",D7,"Log Tampering",5,"Unknown",none,16,processed,0,2026-02-21T20:32:35.507813+00:00
"run-20260221-203010-6839",S4,"Default Credentials",5,"Unknown",none,9,processed,0,2026-02-21T20:32:35.517611+00:00
"run-20260221-203010-6839",C4,"Container Escape (Privileged)",5,"Unknown",none,12,processed,0,2026-02-21T20:32:37.530137+00:00
"run-20260221-203010-6839",D4,"Ransomware Simulation",5,"Unknown",none,6,processed,0,2026-02-21T20:32:39.536486+00:00
"run-20260221-203010-6839",A10,"DALI Broadcast Shutdown",5,"Unknown",none,14,processed,0,2026-02-21T20:32:41.550853+00:00
"run-20260221-203010-6839",D7,"Log Tampering",5,"Unknown",none,11,processed,0,2026-02-21T20:32:43.562460+00:00
"run-20260221-203010-6839",L1,"Internal Network Scan",5,"Unknown",none,6,processed,0,2026-02-21T20:32:43.568686+00:00
"run-20260221-203010-6839",S4,"Default Credentials",5,"Unknown",none,14,processed,0,2026-02-21T20:32:45.583234+00:00
"run-20260221-203010-6839",C1,"Reverse Shell Spawn",5,"Unknown",none,15,processed,0,2026-02-21T20:32:47.598947+00:00
"run-20260221-203010-6839",C2,"Cryptominer Deployment",5,"Unknown",none,13,processed,0,2026-02-21T20:32:49.612432+00:00
"run-20260221-203010-6839",N1,"TCP SYN Flood",5,"Unknown",none,11,processed,0,2026-02-21T20:32:51.624392+00:00
"run-20260221-203010-6839",N2,"UDP Amplification (NTP)",5,"Unknown",none,10,processed,0,2026-02-21T20:32:53.634289+00:00
"run-20260221-203010-6839",I6,"Modbus Function Code Scan",5,"Unknown",none,6,processed,0,2026-02-21T20:32:53.640373+00:00
"run-20260221-203010-6839",I5,"Modbus Coil Write Attack",5,"Unknown",none,11,processed,0,2026-02-21T20:32:55.651547+00:00
"run-20260221-203010-6839",D3,"Environmental Data Tampering",5,"Unknown",none,12,processed,0,2026-02-21T20:32:57.663748+00:00
"run-20260221-203010-6839",A10,"DALI Broadcast Shutdown",5,"Unknown",none,15,processed,0,2026-02-21T20:32:59.679548+00:00
"run-20260221-203010-6839",I8,"DALI-2 Dimming Attack",5,"Unknown",none,14,processed,0,2026-02-21T20:33:01.695074+00:00
"run-20260221-203010-6839",A1,"SQL Injection (Classic)",5,"Unknown",none,7,processed,0,2026-02-21T20:33:01.702992+00:00
"run-20260221-203010-6839",S3,"JWT None Algorithm",5,"Unknown",none,9,processed,0,2026-02-21T20:33:03.712910+00:00
"run-20260221-203010-6839",A8,"FHIR Resource Manipulation",5,"Unknown",none,12,processed,0,2026-02-21T20:33:05.725471+00:00
"run-20260221-203010-6839",D8,"FHIR Bundle Injection",5,"Unknown",none,12,processed,0,2026-02-21T20:33:07.737296+00:00
"run-20260221-203010-6839",I10,"FHIR Resource Deletion",5,"Unknown",none,14,processed,0,2026-02-21T20:33:09.751619+00:00
